a,life,theater,smoke
1,0.000004824,0.00035694,0.000004824
2,0.000004687,0.000360903,0
3,0.000009425,0.000282764,0
4,0.000004794,0.000278048,0.000004794
5,0.000004565,0.000328691,0
